site_id,total_diabetes,site_id_right,total_pateints,prevalence
SITE-002,6796,SITE-002,23384,0.2906260691070818
SITE-006,4859,SITE-006,14895,0.32621685129238
SITE-005,1299,SITE-005,8645,0.15026026604973974
SITE-001,3830,SITE-001,14622,0.2619340719463822
SITE-008,3350,SITE-008,9891,0.3386917399656253
SITE-004,4259,SITE-004,11273,0.37780537567639494
SITE-007,1830,SITE-007,6055,0.3022295623451693
SITE-003,1765,SITE-003,11235,0.1570983533600356
